{"cameraMode":{"drawMode":0,"name":"Shaded","section":"Shading Mode"},"sceneLighting":true,"audioPlay":false,"sceneViewState":{"showFog":true,"showMaterialUpdate":false,"showSkybox":false,"showFlares":true,"showImageEffects":true,"showParticleSystems":true,"showVisualEffectGraphs":true,"m_FxEnabled":true},"in2DMode":false,"pivot":{"x":383.04656982421877,"y":250.95228576660157,"z":102.6270751953125},"rotation":{"x":0.04229257255792618,"y":0.0179744865745306,"z":-0.0008564013987779617,"w":0.999024510383606},"size":403.7391357421875,"orthographic":false}